crate	lint	api	reason
bevy_boxddd	derive_trait_impl_removed	type BoxdddErrorMessage no longer derives Copy	error_message_policy
bevy_boxddd	enum_variant_missing	variant BoxdddErrorPolicy::Panic	error_message_policy
bevy_boxddd	function_missing	function bevy_boxddd::math::try_to_boxddd_quat	math_conversion_functions
bevy_boxddd	function_missing	function bevy_boxddd::try_to_boxddd_quat	math_conversion_functions
bevy_boxddd	function_parameter_count_changed	bevy_boxddd::systems::publish_physics_messages now takes 3 parameters instead of 9	advanced_step_publication
bevy_boxddd	function_parameter_count_changed	bevy_boxddd::systems::step_world now takes 3 parameters instead of 4	advanced_step_publication
bevy_boxddd	struct_missing	struct bevy_boxddd::BoxdddDebugDrawCommands	debug_draw_assets
bevy_boxddd	struct_missing	struct bevy_boxddd::debug_draw::BoxdddDebugDrawCommands	debug_draw_assets
bevy_boxddd	struct_missing	struct bevy_boxddd::prelude::BoxdddDebugDrawCommands	debug_draw_assets
bevy_boxddd	trait_missing	trait bevy_boxddd::BevyQuatBoxdddExt	math_conversion_functions
bevy_boxddd	trait_missing	trait bevy_boxddd::BevyTransformBoxdddExt	math_conversion_functions
bevy_boxddd	trait_missing	trait bevy_boxddd::BevyVec3BoxdddExt	math_conversion_functions
bevy_boxddd	trait_missing	trait bevy_boxddd::BoxdddQuatBevyExt	math_conversion_functions
bevy_boxddd	trait_missing	trait bevy_boxddd::BoxdddTransformBevyExt	math_conversion_functions
bevy_boxddd	trait_missing	trait bevy_boxddd::BoxdddVec3BevyExt	math_conversion_functions
bevy_boxddd	trait_missing	trait bevy_boxddd::math::BevyQuatBoxdddExt	math_conversion_functions
bevy_boxddd	trait_missing	trait bevy_boxddd::math::BevyTransformBoxdddExt	math_conversion_functions
bevy_boxddd	trait_missing	trait bevy_boxddd::math::BevyVec3BoxdddExt	math_conversion_functions
bevy_boxddd	trait_missing	trait bevy_boxddd::math::BoxdddQuatBevyExt	math_conversion_functions
bevy_boxddd	trait_missing	trait bevy_boxddd::math::BoxdddTransformBevyExt	math_conversion_functions
bevy_boxddd	trait_missing	trait bevy_boxddd::math::BoxdddVec3BevyExt	math_conversion_functions
bevy_boxddd	trait_missing	trait bevy_boxddd::prelude::BevyQuatBoxdddExt	math_conversion_functions
bevy_boxddd	trait_missing	trait bevy_boxddd::prelude::BevyTransformBoxdddExt	math_conversion_functions
bevy_boxddd	trait_missing	trait bevy_boxddd::prelude::BevyVec3BoxdddExt	math_conversion_functions
bevy_boxddd	trait_missing	trait bevy_boxddd::prelude::BoxdddQuatBevyExt	math_conversion_functions
bevy_boxddd	trait_missing	trait bevy_boxddd::prelude::BoxdddTransformBevyExt	math_conversion_functions
bevy_boxddd	trait_missing	trait bevy_boxddd::prelude::BoxdddVec3BevyExt	math_conversion_functions
boxddd	auto_trait_impl_removed	type BodyMove is no longer RefUnwindSafe	scoped_event_views
boxddd	auto_trait_impl_removed	type BodyMove is no longer UnwindSafe	scoped_event_views
boxddd	auto_trait_impl_removed	type BodyMoveIter is no longer RefUnwindSafe	scoped_event_views
boxddd	auto_trait_impl_removed	type BodyMoveIter is no longer UnwindSafe	scoped_event_views
boxddd	auto_trait_impl_removed	type ContactBeginIter is no longer RefUnwindSafe	scoped_event_views
boxddd	auto_trait_impl_removed	type ContactBeginIter is no longer Send	scoped_event_views
boxddd	auto_trait_impl_removed	type ContactBeginIter is no longer Sync	scoped_event_views
boxddd	auto_trait_impl_removed	type ContactBeginIter is no longer UnwindSafe	scoped_event_views
boxddd	auto_trait_impl_removed	type ContactBeginTouch is no longer RefUnwindSafe	scoped_event_views
boxddd	auto_trait_impl_removed	type ContactBeginTouch is no longer Send	scoped_event_views
boxddd	auto_trait_impl_removed	type ContactBeginTouch is no longer Sync	scoped_event_views
boxddd	auto_trait_impl_removed	type ContactBeginTouch is no longer UnwindSafe	scoped_event_views
boxddd	auto_trait_impl_removed	type ContactEndIter is no longer RefUnwindSafe	scoped_event_views
boxddd	auto_trait_impl_removed	type ContactEndIter is no longer Send	scoped_event_views
boxddd	auto_trait_impl_removed	type ContactEndIter is no longer Sync	scoped_event_views
boxddd	auto_trait_impl_removed	type ContactEndIter is no longer UnwindSafe	scoped_event_views
boxddd	auto_trait_impl_removed	type ContactEndTouch is no longer RefUnwindSafe	scoped_event_views
boxddd	auto_trait_impl_removed	type ContactEndTouch is no longer Send	scoped_event_views
boxddd	auto_trait_impl_removed	type ContactEndTouch is no longer Sync	scoped_event_views
boxddd	auto_trait_impl_removed	type ContactEndTouch is no longer UnwindSafe	scoped_event_views
boxddd	auto_trait_impl_removed	type ContactHit is no longer RefUnwindSafe	scoped_event_views
boxddd	auto_trait_impl_removed	type ContactHit is no longer Send	scoped_event_views
boxddd	auto_trait_impl_removed	type ContactHit is no longer Sync	scoped_event_views
boxddd	auto_trait_impl_removed	type ContactHit is no longer UnwindSafe	scoped_event_views
boxddd	auto_trait_impl_removed	type ContactHitIter is no longer RefUnwindSafe	scoped_event_views
boxddd	auto_trait_impl_removed	type ContactHitIter is no longer Send	scoped_event_views
boxddd	auto_trait_impl_removed	type ContactHitIter is no longer Sync	scoped_event_views
boxddd	auto_trait_impl_removed	type ContactHitIter is no longer UnwindSafe	scoped_event_views
boxddd	auto_trait_impl_removed	type JointEventIter is no longer RefUnwindSafe	scoped_event_views
boxddd	auto_trait_impl_removed	type JointEventIter is no longer UnwindSafe	scoped_event_views
boxddd	auto_trait_impl_removed	type JointEventView is no longer RefUnwindSafe	scoped_event_views
boxddd	auto_trait_impl_removed	type JointEventView is no longer UnwindSafe	scoped_event_views
boxddd	auto_trait_impl_removed	type RecPlayer is no longer RefUnwindSafe	replay_scale_isolation
boxddd	auto_trait_impl_removed	type Recording is no longer RefUnwindSafe	replay_scale_isolation
boxddd	auto_trait_impl_removed	type Recording is no longer UnwindSafe	replay_scale_isolation
boxddd	auto_trait_impl_removed	type SensorBeginIter is no longer RefUnwindSafe	scoped_event_views
boxddd	auto_trait_impl_removed	type SensorBeginIter is no longer Send	scoped_event_views
boxddd	auto_trait_impl_removed	type SensorBeginIter is no longer Sync	scoped_event_views
boxddd	auto_trait_impl_removed	type SensorBeginIter is no longer UnwindSafe	scoped_event_views
boxddd	auto_trait_impl_removed	type SensorBeginTouch is no longer RefUnwindSafe	scoped_event_views
boxddd	auto_trait_impl_removed	type SensorBeginTouch is no longer Send	scoped_event_views
boxddd	auto_trait_impl_removed	type SensorBeginTouch is no longer Sync	scoped_event_views
boxddd	auto_trait_impl_removed	type SensorBeginTouch is no longer UnwindSafe	scoped_event_views
boxddd	auto_trait_impl_removed	type SensorEndIter is no longer RefUnwindSafe	scoped_event_views
boxddd	auto_trait_impl_removed	type SensorEndIter is no longer Send	scoped_event_views
boxddd	auto_trait_impl_removed	type SensorEndIter is no longer Sync	scoped_event_views
boxddd	auto_trait_impl_removed	type SensorEndIter is no longer UnwindSafe	scoped_event_views
boxddd	auto_trait_impl_removed	type SensorEndTouch is no longer RefUnwindSafe	scoped_event_views
boxddd	auto_trait_impl_removed	type SensorEndTouch is no longer Send	scoped_event_views
boxddd	auto_trait_impl_removed	type SensorEndTouch is no longer Sync	scoped_event_views
boxddd	auto_trait_impl_removed	type SensorEndTouch is no longer UnwindSafe	scoped_event_views
boxddd	constructible_struct_adds_field	field DebugDrawOptions.draw_sleep	debug_draw_assets
boxddd	constructible_struct_adds_private_field	field BodyId.owner	owner_scoped_handles
boxddd	constructible_struct_adds_private_field	field BodyId.raw	owner_scoped_handles
boxddd	constructible_struct_adds_private_field	field BodyId.resource	owner_scoped_handles
boxddd	constructible_struct_adds_private_field	field ContactId.epoch	owner_scoped_handles
boxddd	constructible_struct_adds_private_field	field ContactId.owner	owner_scoped_handles
boxddd	constructible_struct_adds_private_field	field ContactId.raw	owner_scoped_handles
boxddd	constructible_struct_adds_private_field	field ContactId.resource	owner_scoped_handles
boxddd	constructible_struct_adds_private_field	field JointId.owner	owner_scoped_handles
boxddd	constructible_struct_adds_private_field	field JointId.raw	owner_scoped_handles
boxddd	constructible_struct_adds_private_field	field JointId.resource	owner_scoped_handles
boxddd	constructible_struct_adds_private_field	field ReplayWorldId.owner	owner_scoped_handles
boxddd	constructible_struct_adds_private_field	field ReplayWorldId.raw	owner_scoped_handles
boxddd	constructible_struct_adds_private_field	field ReplayWorldId.resource	owner_scoped_handles
boxddd	constructible_struct_adds_private_field	field ShapeId.owner	owner_scoped_handles
boxddd	constructible_struct_adds_private_field	field ShapeId.raw	owner_scoped_handles
boxddd	constructible_struct_adds_private_field	field ShapeId.resource	owner_scoped_handles
boxddd	derive_trait_impl_removed	type DynamicTreeProxyId no longer derives Ord	owner_scoped_handles
boxddd	derive_trait_impl_removed	type DynamicTreeProxyId no longer derives PartialOrd	owner_scoped_handles
boxddd	derive_trait_impl_removed	type Error no longer derives Copy	typed_error_model
boxddd	enum_discriminants_undefined_non_unit_variant	enum Error	typed_error_model
boxddd	enum_missing	enum boxddd::ApiError	typed_error_model
boxddd	enum_missing	enum boxddd::error::ApiError	typed_error_model
boxddd	enum_missing	enum boxddd::prelude::ApiError	typed_error_model
boxddd	enum_no_repr_variant_discriminant_changed	variant Error::CallbackPanicked 19 -> 9	typed_error_model
boxddd	enum_no_repr_variant_discriminant_changed	variant Error::CallbackSlotsExhausted 20 -> 10	typed_error_model
boxddd	enum_no_repr_variant_discriminant_changed	variant Error::InCallback 0 -> 3	typed_error_model
boxddd	enum_no_repr_variant_discriminant_changed	variant Error::ProviderCallbackFailed 21 -> 12	typed_error_model
boxddd	enum_no_repr_variant_discriminant_changed	variant Error::RecordingIoFailed 7 -> 6	typed_error_model
boxddd	enum_no_repr_variant_discriminant_changed	variant Error::UnsupportedOnWasm 18 -> 8	typed_error_model
boxddd	enum_variant_missing	variant Error::CreateBodyFailed	typed_error_model
boxddd	enum_variant_missing	variant Error::CreateDynamicTreeFailed	typed_error_model
boxddd	enum_variant_missing	variant Error::CreateRecPlayerFailed	typed_error_model
boxddd	enum_variant_missing	variant Error::CreateRecordingFailed	typed_error_model
boxddd	enum_variant_missing	variant Error::CreateShapeFailed	typed_error_model
boxddd	enum_variant_missing	variant Error::CreateWorldFailed	typed_error_model
boxddd	enum_variant_missing	variant Error::IndexOutOfRange	typed_error_model
boxddd	enum_variant_missing	variant Error::InvalidArgument	typed_error_model
boxddd	enum_variant_missing	variant Error::InvalidBodyId	typed_error_model
boxddd	enum_variant_missing	variant Error::InvalidContactId	typed_error_model
boxddd	enum_variant_missing	variant Error::InvalidJointId	typed_error_model
boxddd	enum_variant_missing	variant Error::InvalidShapeId	typed_error_model
boxddd	enum_variant_missing	variant Error::InvalidWorldId	typed_error_model
boxddd	enum_variant_missing	variant Error::NulByteInString	typed_error_model
boxddd	enum_variant_missing	variant Error::ResourceLifetimeViolation	typed_error_model
boxddd	enum_variant_missing	variant Error::WrongJointType	typed_error_model
boxddd	feature_missing	feature serialize in the package's Cargo.toml	feature_surface_cleanup
boxddd	function_missing	function boxddd::collide_capsule_and_triangle	collision_api_cleanup
boxddd	function_missing	function boxddd::collide_hull_and_triangle	collision_api_cleanup
boxddd	function_missing	function boxddd::collide_sphere_and_triangle	collision_api_cleanup
boxddd	function_missing	function boxddd::collision::collide_capsule_and_triangle	collision_api_cleanup
boxddd	function_missing	function boxddd::collision::collide_hull_and_triangle	collision_api_cleanup
boxddd	function_missing	function boxddd::collision::collide_sphere_and_triangle	collision_api_cleanup
boxddd	function_missing	function boxddd::prelude::collide_capsule_and_triangle	collision_api_cleanup
boxddd	function_missing	function boxddd::prelude::collide_hull_and_triangle	collision_api_cleanup
boxddd	function_missing	function boxddd::prelude::collide_sphere_and_triangle	collision_api_cleanup
boxddd	function_missing	function boxddd::raw::try_body_raw_user_data	result_first_api
boxddd	function_missing	function boxddd::raw::try_joint_raw_user_data	result_first_api
boxddd	function_missing	function boxddd::raw::try_length_units_per_meter	result_first_api
boxddd	function_missing	function boxddd::raw::try_set_body_raw_user_data	result_first_api
boxddd	function_missing	function boxddd::raw::try_set_joint_raw_user_data	result_first_api
boxddd	function_missing	function boxddd::raw::try_set_length_units_per_meter	result_first_api
boxddd	function_missing	function boxddd::raw::try_set_shape_raw_user_data	result_first_api
boxddd	function_missing	function boxddd::raw::try_set_stall_threshold	result_first_api
boxddd	function_missing	function boxddd::raw::try_set_world_raw_user_data	result_first_api
boxddd	function_missing	function boxddd::raw::try_shape_raw_user_data	result_first_api
boxddd	function_missing	function boxddd::raw::try_stall_threshold	result_first_api
boxddd	function_missing	function boxddd::raw::try_world_raw_user_data	result_first_api
boxddd	inherent_method_missing	BodyDef::raw	result_first_api
boxddd	inherent_method_missing	BodyId::from_raw	owner_scoped_handles
boxddd	inherent_method_missing	BodyId::into_raw	owner_scoped_handles
boxddd	inherent_method_missing	BodyId::is_valid	owner_scoped_handles
boxddd	inherent_method_missing	ContactData::from_raw	result_first_api
boxddd	inherent_method_missing	ContactId::from_raw	owner_scoped_handles
boxddd	inherent_method_missing	ContactId::into_raw	owner_scoped_handles
boxddd	inherent_method_missing	ContactId::is_valid	owner_scoped_handles
boxddd	inherent_method_missing	DistanceJointDef::raw	raw_data_encapsulation
boxddd	inherent_method_missing	DistanceJointDef::raw_user_data	raw_data_encapsulation
boxddd	inherent_method_missing	DynamicTree::box_cast	result_first_api
boxddd	inherent_method_missing	DynamicTree::query_closest	result_first_api
boxddd	inherent_method_missing	DynamicTree::ray_cast	result_first_api
boxddd	inherent_method_missing	DynamicTreeProxyId::generation	owner_scoped_handles
boxddd	inherent_method_missing	DynamicTreeProxyId::index	owner_scoped_handles
boxddd	inherent_method_missing	ExplosionDef::raw	result_first_api
boxddd	inherent_method_missing	FilterJointDef::raw	raw_data_encapsulation
boxddd	inherent_method_missing	FilterJointDef::raw_user_data	raw_data_encapsulation
boxddd	inherent_method_missing	Hull::try_clone_transformed	result_first_api
boxddd	inherent_method_missing	JointId::from_raw	owner_scoped_handles
boxddd	inherent_method_missing	JointId::into_raw	owner_scoped_handles
boxddd	inherent_method_missing	JointId::is_valid	owner_scoped_handles
boxddd	inherent_method_missing	JointType::from_raw	result_first_api
boxddd	inherent_method_missing	MotorJointDef::raw	raw_data_encapsulation
boxddd	inherent_method_missing	MotorJointDef::raw_user_data	raw_data_encapsulation
boxddd	inherent_method_missing	ParallelJointDef::raw	raw_data_encapsulation
boxddd	inherent_method_missing	ParallelJointDef::raw_user_data	raw_data_encapsulation
boxddd	inherent_method_missing	PrismaticJointDef::raw	raw_data_encapsulation
boxddd	inherent_method_missing	PrismaticJointDef::raw_user_data	raw_data_encapsulation
boxddd	inherent_method_missing	ReplayWorldId::from_raw	owner_scoped_handles
boxddd	inherent_method_missing	ReplayWorldId::into_raw	owner_scoped_handles
boxddd	inherent_method_missing	ReplayWorldId::is_valid	owner_scoped_handles
boxddd	inherent_method_missing	RevoluteJointDef::raw	raw_data_encapsulation
boxddd	inherent_method_missing	RevoluteJointDef::raw_user_data	raw_data_encapsulation
boxddd	inherent_method_missing	ShapeDef::raw	result_first_api
boxddd	inherent_method_missing	ShapeId::from_raw	owner_scoped_handles
boxddd	inherent_method_missing	ShapeId::into_raw	owner_scoped_handles
boxddd	inherent_method_missing	ShapeId::is_valid	owner_scoped_handles
boxddd	inherent_method_missing	SphericalJointDef::raw	raw_data_encapsulation
boxddd	inherent_method_missing	SphericalJointDef::raw_user_data	raw_data_encapsulation
boxddd	inherent_method_missing	TaskSystem::try_blocking_threads	result_first_api
boxddd	inherent_method_missing	WeldJointDef::raw	raw_data_encapsulation
boxddd	inherent_method_missing	WeldJointDef::raw_user_data	raw_data_encapsulation
boxddd	inherent_method_missing	WheelJointDef::raw	raw_data_encapsulation
boxddd	inherent_method_missing	WheelJointDef::raw_user_data	raw_data_encapsulation
boxddd	inherent_method_missing	World::debug_draw_collect	result_first_api
boxddd	inherent_method_missing	World::debug_draw_collect_into	result_first_api
boxddd	inherent_method_missing	World::is_valid	result_first_api
boxddd	inherent_method_missing	World::raw	result_first_api
boxddd	inherent_method_missing	World::start_recording	result_first_api
boxddd	inherent_method_missing	World::stop_recording	result_first_api
boxddd	inherent_method_missing	World::try_apply_angular_impulse	result_first_api
boxddd	inherent_method_missing	World::try_apply_force	result_first_api
boxddd	inherent_method_missing	World::try_apply_force_to_center	result_first_api
boxddd	inherent_method_missing	World::try_apply_linear_impulse	result_first_api
boxddd	inherent_method_missing	World::try_apply_linear_impulse_to_center	result_first_api
boxddd	inherent_method_missing	World::try_apply_mass_from_shapes	result_first_api
boxddd	inherent_method_missing	World::try_apply_shape_wind	result_first_api
boxddd	inherent_method_missing	World::try_apply_torque	result_first_api
boxddd	inherent_method_missing	World::try_awake_body_count	result_first_api
boxddd	inherent_method_missing	World::try_body_aabb	result_first_api
boxddd	inherent_method_missing	World::try_body_angular_damping	result_first_api
boxddd	inherent_method_missing	World::try_body_angular_velocity	result_first_api
boxddd	inherent_method_missing	World::try_body_awake	result_first_api
boxddd	inherent_method_missing	World::try_body_bullet	result_first_api
boxddd	inherent_method_missing	World::try_body_cast_ray	result_first_api
boxddd	inherent_method_missing	World::try_body_cast_ray_with_options	result_first_api
boxddd	inherent_method_missing	World::try_body_cast_ray_with_transform	result_first_api
boxddd	inherent_method_missing	World::try_body_cast_shape	result_first_api
boxddd	inherent_method_missing	World::try_body_cast_shape_with_transform	result_first_api
boxddd	inherent_method_missing	World::try_body_closest_point	result_first_api
boxddd	inherent_method_missing	World::try_body_collide_mover	result_first_api
boxddd	inherent_method_missing	World::try_body_collide_mover_into_with_transform	result_first_api
boxddd	inherent_method_missing	World::try_body_collide_mover_with_transform	result_first_api
boxddd	inherent_method_missing	World::try_body_contact_recycling_enabled	result_first_api
boxddd	inherent_method_missing	World::try_body_contacts	result_first_api
boxddd	inherent_method_missing	World::try_body_contacts_into	result_first_api
boxddd	inherent_method_missing	World::try_body_enabled	result_first_api
boxddd	inherent_method_missing	World::try_body_events	result_first_api
boxddd	inherent_method_missing	World::try_body_events_into	result_first_api
boxddd	inherent_method_missing	World::try_body_gravity_scale	result_first_api
boxddd	inherent_method_missing	World::try_body_inverse_mass	result_first_api
boxddd	inherent_method_missing	World::try_body_joints	result_first_api
boxddd	inherent_method_missing	World::try_body_joints_into	result_first_api
boxddd	inherent_method_missing	World::try_body_linear_damping	result_first_api
boxddd	inherent_method_missing	World::try_body_linear_velocity	result_first_api
boxddd	inherent_method_missing	World::try_body_local_center_of_mass	result_first_api
boxddd	inherent_method_missing	World::try_body_local_point	result_first_api
boxddd	inherent_method_missing	World::try_body_local_point_velocity	result_first_api
boxddd	inherent_method_missing	World::try_body_local_rotational_inertia	result_first_api
boxddd	inherent_method_missing	World::try_body_local_vector	result_first_api
boxddd	inherent_method_missing	World::try_body_mass	result_first_api
boxddd	inherent_method_missing	World::try_body_mass_data	result_first_api
boxddd	inherent_method_missing	World::try_body_motion_locks	result_first_api
boxddd	inherent_method_missing	World::try_body_name	result_first_api
boxddd	inherent_method_missing	World::try_body_overlap_shape	result_first_api
boxddd	inherent_method_missing	World::try_body_overlap_shape_with_transform	result_first_api
boxddd	inherent_method_missing	World::try_body_position	result_first_api
boxddd	inherent_method_missing	World::try_body_rotation	result_first_api
boxddd	inherent_method_missing	World::try_body_shapes	result_first_api
boxddd	inherent_method_missing	World::try_body_shapes_into	result_first_api
boxddd	inherent_method_missing	World::try_body_sleep_enabled	result_first_api
boxddd	inherent_method_missing	World::try_body_sleep_threshold	result_first_api
boxddd	inherent_method_missing	World::try_body_transform	result_first_api
boxddd	inherent_method_missing	World::try_body_type	result_first_api
boxddd	inherent_method_missing	World::try_body_world_center_of_mass	result_first_api
boxddd	inherent_method_missing	World::try_body_world_inverse_rotational_inertia	result_first_api
boxddd	inherent_method_missing	World::try_body_world_point	result_first_api
boxddd	inherent_method_missing	World::try_body_world_point_velocity	result_first_api
boxddd	inherent_method_missing	World::try_body_world_vector	result_first_api
boxddd	inherent_method_missing	World::try_bounds	result_first_api
boxddd	inherent_method_missing	World::try_clear_custom_filter	result_first_api
boxddd	inherent_method_missing	World::try_clear_friction_callback	result_first_api
boxddd	inherent_method_missing	World::try_clear_pre_solve	result_first_api
boxddd	inherent_method_missing	World::try_clear_restitution_callback	result_first_api
boxddd	inherent_method_missing	World::try_contact_data	result_first_api
boxddd	inherent_method_missing	World::try_contact_events	result_first_api
boxddd	inherent_method_missing	World::try_contact_events_into	result_first_api
boxddd	inherent_method_missing	World::try_contact_recycle_distance	result_first_api
boxddd	inherent_method_missing	World::try_continuous_enabled	result_first_api
boxddd	inherent_method_missing	World::try_counters	result_first_api
boxddd	inherent_method_missing	World::try_create_body	result_first_api
boxddd	inherent_method_missing	World::try_create_capsule_shape	result_first_api
boxddd	inherent_method_missing	World::try_create_compound_shape	result_first_api
boxddd	inherent_method_missing	World::try_create_created_hull_shape	result_first_api
boxddd	inherent_method_missing	World::try_create_distance_joint	result_first_api
boxddd	inherent_method_missing	World::try_create_filter_joint	result_first_api
boxddd	inherent_method_missing	World::try_create_height_field_shape	result_first_api
boxddd	inherent_method_missing	World::try_create_hull_shape	result_first_api
boxddd	inherent_method_missing	World::try_create_mesh_shape	result_first_api
boxddd	inherent_method_missing	World::try_create_motor_joint	result_first_api
boxddd	inherent_method_missing	World::try_create_parallel_joint	result_first_api
boxddd	inherent_method_missing	World::try_create_prismatic_joint	result_first_api
boxddd	inherent_method_missing	World::try_create_revolute_joint	result_first_api
boxddd	inherent_method_missing	World::try_create_sphere_shape	result_first_api
boxddd	inherent_method_missing	World::try_create_spherical_joint	result_first_api
boxddd	inherent_method_missing	World::try_create_transformed_hull_shape	result_first_api
boxddd	inherent_method_missing	World::try_create_weld_joint	result_first_api
boxddd	inherent_method_missing	World::try_create_wheel_joint	result_first_api
boxddd	inherent_method_missing	World::try_debug_draw	result_first_api
boxddd	inherent_method_missing	World::try_debug_draw_collect	result_first_api
boxddd	inherent_method_missing	World::try_debug_draw_collect_into	result_first_api
boxddd	inherent_method_missing	World::try_debug_draw_frame	result_first_api
boxddd	inherent_method_missing	World::try_debug_draw_frame_into	result_first_api
boxddd	inherent_method_missing	World::try_destroy_body	result_first_api
boxddd	inherent_method_missing	World::try_destroy_joint	result_first_api
boxddd	inherent_method_missing	World::try_destroy_shape	result_first_api
boxddd	inherent_method_missing	World::try_disable_body	result_first_api
boxddd	inherent_method_missing	World::try_distance_joint_current_length	result_first_api
boxddd	inherent_method_missing	World::try_distance_joint_length	result_first_api
boxddd	inherent_method_missing	World::try_distance_joint_limit_enabled	result_first_api
boxddd	inherent_method_missing	World::try_distance_joint_max_length	result_first_api
boxddd	inherent_method_missing	World::try_distance_joint_max_motor_force	result_first_api
boxddd	inherent_method_missing	World::try_distance_joint_min_length	result_first_api
boxddd	inherent_method_missing	World::try_distance_joint_motor_enabled	result_first_api
boxddd	inherent_method_missing	World::try_distance_joint_motor_force	result_first_api
boxddd	inherent_method_missing	World::try_distance_joint_motor_speed	result_first_api
boxddd	inherent_method_missing	World::try_distance_joint_spring_damping_ratio	result_first_api
boxddd	inherent_method_missing	World::try_distance_joint_spring_enabled	result_first_api
boxddd	inherent_method_missing	World::try_distance_joint_spring_force_range	result_first_api
boxddd	inherent_method_missing	World::try_distance_joint_spring_hertz	result_first_api
boxddd	inherent_method_missing	World::try_enable_body	result_first_api
boxddd	inherent_method_missing	World::try_enable_body_contact_recycling	result_first_api
boxddd	inherent_method_missing	World::try_enable_body_hit_events	result_first_api
boxddd	inherent_method_missing	World::try_enable_body_sleep	result_first_api
boxddd	inherent_method_missing	World::try_enable_continuous	result_first_api
boxddd	inherent_method_missing	World::try_enable_distance_joint_limit	result_first_api
boxddd	inherent_method_missing	World::try_enable_distance_joint_motor	result_first_api
boxddd	inherent_method_missing	World::try_enable_distance_joint_spring	result_first_api
boxddd	inherent_method_missing	World::try_enable_prismatic_joint_limit	result_first_api
boxddd	inherent_method_missing	World::try_enable_prismatic_joint_motor	result_first_api
boxddd	inherent_method_missing	World::try_enable_prismatic_joint_spring	result_first_api
boxddd	inherent_method_missing	World::try_enable_revolute_joint_limit	result_first_api
boxddd	inherent_method_missing	World::try_enable_revolute_joint_motor	result_first_api
boxddd	inherent_method_missing	World::try_enable_revolute_joint_spring	result_first_api
boxddd	inherent_method_missing	World::try_enable_shape_contact_events	result_first_api
boxddd	inherent_method_missing	World::try_enable_shape_hit_events	result_first_api
boxddd	inherent_method_missing	World::try_enable_shape_pre_solve_events	result_first_api
boxddd	inherent_method_missing	World::try_enable_shape_sensor_events	result_first_api
boxddd	inherent_method_missing	World::try_enable_sleeping	result_first_api
boxddd	inherent_method_missing	World::try_enable_speculative	result_first_api
boxddd	inherent_method_missing	World::try_enable_spherical_joint_cone_limit	result_first_api
boxddd	inherent_method_missing	World::try_enable_spherical_joint_motor	result_first_api
boxddd	inherent_method_missing	World::try_enable_spherical_joint_spring	result_first_api
boxddd	inherent_method_missing	World::try_enable_spherical_joint_twist_limit	result_first_api
boxddd	inherent_method_missing	World::try_enable_warm_starting	result_first_api
boxddd	inherent_method_missing	World::try_enable_wheel_joint_spin_motor	result_first_api
boxddd	inherent_method_missing	World::try_enable_wheel_joint_steering	result_first_api
boxddd	inherent_method_missing	World::try_enable_wheel_joint_steering_limit	result_first_api
boxddd	inherent_method_missing	World::try_enable_wheel_joint_suspension	result_first_api
boxddd	inherent_method_missing	World::try_enable_wheel_joint_suspension_limit	result_first_api
boxddd	inherent_method_missing	World::try_explode	result_first_api
boxddd	inherent_method_missing	World::try_gravity	result_first_api
boxddd	inherent_method_missing	World::try_hit_event_threshold	result_first_api
boxddd	inherent_method_missing	World::try_joint_angular_separation	result_first_api
boxddd	inherent_method_missing	World::try_joint_body_a	result_first_api
boxddd	inherent_method_missing	World::try_joint_body_b	result_first_api
boxddd	inherent_method_missing	World::try_joint_collide_connected	result_first_api
boxddd	inherent_method_missing	World::try_joint_constraint_force	result_first_api
boxddd	inherent_method_missing	World::try_joint_constraint_torque	result_first_api
boxddd	inherent_method_missing	World::try_joint_constraint_tuning	result_first_api
boxddd	inherent_method_missing	World::try_joint_events	result_first_api
boxddd	inherent_method_missing	World::try_joint_events_into	result_first_api
boxddd	inherent_method_missing	World::try_joint_force_threshold	result_first_api
boxddd	inherent_method_missing	World::try_joint_linear_separation	result_first_api
boxddd	inherent_method_missing	World::try_joint_local_frame_a	result_first_api
boxddd	inherent_method_missing	World::try_joint_local_frame_b	result_first_api
boxddd	inherent_method_missing	World::try_joint_torque_threshold	result_first_api
boxddd	inherent_method_missing	World::try_joint_type	result_first_api
boxddd	inherent_method_missing	World::try_max_capacity	result_first_api
boxddd	inherent_method_missing	World::try_maximum_linear_speed	result_first_api
boxddd	inherent_method_missing	World::try_motor_joint_angular_damping_ratio	result_first_api
boxddd	inherent_method_missing	World::try_motor_joint_angular_hertz	result_first_api
boxddd	inherent_method_missing	World::try_motor_joint_angular_velocity	result_first_api
boxddd	inherent_method_missing	World::try_motor_joint_linear_damping_ratio	result_first_api
boxddd	inherent_method_missing	World::try_motor_joint_linear_hertz	result_first_api
boxddd	inherent_method_missing	World::try_motor_joint_linear_velocity	result_first_api
boxddd	inherent_method_missing	World::try_motor_joint_max_spring_force	result_first_api
boxddd	inherent_method_missing	World::try_motor_joint_max_spring_torque	result_first_api
boxddd	inherent_method_missing	World::try_motor_joint_max_velocity_force	result_first_api
boxddd	inherent_method_missing	World::try_motor_joint_max_velocity_torque	result_first_api
boxddd	inherent_method_missing	World::try_parallel_joint_max_torque	result_first_api
boxddd	inherent_method_missing	World::try_parallel_joint_spring_damping_ratio	result_first_api
boxddd	inherent_method_missing	World::try_parallel_joint_spring_hertz	result_first_api
boxddd	inherent_method_missing	World::try_prismatic_joint_limit_enabled	result_first_api
boxddd	inherent_method_missing	World::try_prismatic_joint_lower_limit	result_first_api
boxddd	inherent_method_missing	World::try_prismatic_joint_max_motor_force	result_first_api
boxddd	inherent_method_missing	World::try_prismatic_joint_motor_enabled	result_first_api
boxddd	inherent_method_missing	World::try_prismatic_joint_motor_force	result_first_api
boxddd	inherent_method_missing	World::try_prismatic_joint_motor_speed	result_first_api
boxddd	inherent_method_missing	World::try_prismatic_joint_speed	result_first_api
boxddd	inherent_method_missing	World::try_prismatic_joint_spring_damping_ratio	result_first_api
boxddd	inherent_method_missing	World::try_prismatic_joint_spring_enabled	result_first_api
boxddd	inherent_method_missing	World::try_prismatic_joint_spring_hertz	result_first_api
boxddd	inherent_method_missing	World::try_prismatic_joint_target_translation	result_first_api
boxddd	inherent_method_missing	World::try_prismatic_joint_translation	result_first_api
boxddd	inherent_method_missing	World::try_prismatic_joint_upper_limit	result_first_api
boxddd	inherent_method_missing	World::try_profile	result_first_api
boxddd	inherent_method_missing	World::try_rebuild_static_tree	result_first_api
boxddd	inherent_method_missing	World::try_restitution_threshold	result_first_api
boxddd	inherent_method_missing	World::try_revolute_joint_angle	result_first_api
boxddd	inherent_method_missing	World::try_revolute_joint_limit_enabled	result_first_api
boxddd	inherent_method_missing	World::try_revolute_joint_lower_limit	result_first_api
boxddd	inherent_method_missing	World::try_revolute_joint_max_motor_torque	result_first_api
boxddd	inherent_method_missing	World::try_revolute_joint_motor_enabled	result_first_api
boxddd	inherent_method_missing	World::try_revolute_joint_motor_speed	result_first_api
boxddd	inherent_method_missing	World::try_revolute_joint_motor_torque	result_first_api
boxddd	inherent_method_missing	World::try_revolute_joint_spring_damping_ratio	result_first_api
boxddd	inherent_method_missing	World::try_revolute_joint_spring_enabled	result_first_api
boxddd	inherent_method_missing	World::try_revolute_joint_spring_hertz	result_first_api
boxddd	inherent_method_missing	World::try_revolute_joint_target_angle	result_first_api
boxddd	inherent_method_missing	World::try_revolute_joint_upper_limit	result_first_api
boxddd	inherent_method_missing	World::try_sensor_events	result_first_api
boxddd	inherent_method_missing	World::try_sensor_events_into	result_first_api
boxddd	inherent_method_missing	World::try_set_body_angular_damping	result_first_api
boxddd	inherent_method_missing	World::try_set_body_angular_velocity	result_first_api
boxddd	inherent_method_missing	World::try_set_body_awake	result_first_api
boxddd	inherent_method_missing	World::try_set_body_bullet	result_first_api
boxddd	inherent_method_missing	World::try_set_body_gravity_scale	result_first_api
boxddd	inherent_method_missing	World::try_set_body_linear_damping	result_first_api
boxddd	inherent_method_missing	World::try_set_body_linear_velocity	result_first_api
boxddd	inherent_method_missing	World::try_set_body_mass_data	result_first_api
boxddd	inherent_method_missing	World::try_set_body_motion_locks	result_first_api
boxddd	inherent_method_missing	World::try_set_body_name	result_first_api
boxddd	inherent_method_missing	World::try_set_body_sleep_threshold	result_first_api
boxddd	inherent_method_missing	World::try_set_body_target_transform	result_first_api
boxddd	inherent_method_missing	World::try_set_body_transform	result_first_api
boxddd	inherent_method_missing	World::try_set_body_type	result_first_api
boxddd	inherent_method_missing	World::try_set_contact_recycle_distance	result_first_api
boxddd	inherent_method_missing	World::try_set_contact_tuning	result_first_api
boxddd	inherent_method_missing	World::try_set_custom_filter	result_first_api
boxddd	inherent_method_missing	World::try_set_distance_joint_length	result_first_api
boxddd	inherent_method_missing	World::try_set_distance_joint_length_range	result_first_api
boxddd	inherent_method_missing	World::try_set_distance_joint_max_motor_force	result_first_api
boxddd	inherent_method_missing	World::try_set_distance_joint_motor_speed	result_first_api
boxddd	inherent_method_missing	World::try_set_distance_joint_spring_damping_ratio	result_first_api
boxddd	inherent_method_missing	World::try_set_distance_joint_spring_force_range	result_first_api
boxddd	inherent_method_missing	World::try_set_distance_joint_spring_hertz	result_first_api
boxddd	inherent_method_missing	World::try_set_friction_callback	result_first_api
boxddd	inherent_method_missing	World::try_set_gravity	result_first_api
boxddd	inherent_method_missing	World::try_set_hit_event_threshold	result_first_api
boxddd	inherent_method_missing	World::try_set_joint_collide_connected	result_first_api
boxddd	inherent_method_missing	World::try_set_joint_constraint_tuning	result_first_api
boxddd	inherent_method_missing	World::try_set_joint_force_threshold	result_first_api
boxddd	inherent_method_missing	World::try_set_joint_local_frame_a	result_first_api
boxddd	inherent_method_missing	World::try_set_joint_local_frame_b	result_first_api
boxddd	inherent_method_missing	World::try_set_joint_torque_threshold	result_first_api
boxddd	inherent_method_missing	World::try_set_maximum_linear_speed	result_first_api
boxddd	inherent_method_missing	World::try_set_motor_joint_angular_damping_ratio	result_first_api
boxddd	inherent_method_missing	World::try_set_motor_joint_angular_hertz	result_first_api
boxddd	inherent_method_missing	World::try_set_motor_joint_angular_velocity	result_first_api
boxddd	inherent_method_missing	World::try_set_motor_joint_linear_damping_ratio	result_first_api
boxddd	inherent_method_missing	World::try_set_motor_joint_linear_hertz	result_first_api
boxddd	inherent_method_missing	World::try_set_motor_joint_linear_velocity	result_first_api
boxddd	inherent_method_missing	World::try_set_motor_joint_max_spring_force	result_first_api
boxddd	inherent_method_missing	World::try_set_motor_joint_max_spring_torque	result_first_api
boxddd	inherent_method_missing	World::try_set_motor_joint_max_velocity_force	result_first_api
boxddd	inherent_method_missing	World::try_set_motor_joint_max_velocity_torque	result_first_api
boxddd	inherent_method_missing	World::try_set_parallel_joint_max_torque	result_first_api
boxddd	inherent_method_missing	World::try_set_parallel_joint_spring_damping_ratio	result_first_api
boxddd	inherent_method_missing	World::try_set_parallel_joint_spring_hertz	result_first_api
boxddd	inherent_method_missing	World::try_set_pre_solve	result_first_api
boxddd	inherent_method_missing	World::try_set_prismatic_joint_limits	result_first_api
boxddd	inherent_method_missing	World::try_set_prismatic_joint_max_motor_force	result_first_api
boxddd	inherent_method_missing	World::try_set_prismatic_joint_motor_speed	result_first_api
boxddd	inherent_method_missing	World::try_set_prismatic_joint_spring_damping_ratio	result_first_api
boxddd	inherent_method_missing	World::try_set_prismatic_joint_spring_hertz	result_first_api
boxddd	inherent_method_missing	World::try_set_prismatic_joint_target_translation	result_first_api
boxddd	inherent_method_missing	World::try_set_restitution_callback	result_first_api
boxddd	inherent_method_missing	World::try_set_restitution_threshold	result_first_api
boxddd	inherent_method_missing	World::try_set_revolute_joint_limits	result_first_api
boxddd	inherent_method_missing	World::try_set_revolute_joint_max_motor_torque	result_first_api
boxddd	inherent_method_missing	World::try_set_revolute_joint_motor_speed	result_first_api
boxddd	inherent_method_missing	World::try_set_revolute_joint_spring_damping_ratio	result_first_api
boxddd	inherent_method_missing	World::try_set_revolute_joint_spring_hertz	result_first_api
boxddd	inherent_method_missing	World::try_set_revolute_joint_target_angle	result_first_api
boxddd	inherent_method_missing	World::try_set_shape_capsule	result_first_api
boxddd	inherent_method_missing	World::try_set_shape_density	result_first_api
boxddd	inherent_method_missing	World::try_set_shape_filter	result_first_api
boxddd	inherent_method_missing	World::try_set_shape_friction	result_first_api
boxddd	inherent_method_missing	World::try_set_shape_hull	result_first_api
boxddd	inherent_method_missing	World::try_set_shape_mesh	result_first_api
boxddd	inherent_method_missing	World::try_set_shape_mesh_material	result_first_api
boxddd	inherent_method_missing	World::try_set_shape_restitution	result_first_api
boxddd	inherent_method_missing	World::try_set_shape_sphere	result_first_api
boxddd	inherent_method_missing	World::try_set_shape_surface_material	result_first_api
boxddd	inherent_method_missing	World::try_set_spherical_joint_cone_limit	result_first_api
boxddd	inherent_method_missing	World::try_set_spherical_joint_max_motor_torque	result_first_api
boxddd	inherent_method_missing	World::try_set_spherical_joint_motor_velocity	result_first_api
boxddd	inherent_method_missing	World::try_set_spherical_joint_spring_damping_ratio	result_first_api
boxddd	inherent_method_missing	World::try_set_spherical_joint_spring_hertz	result_first_api
boxddd	inherent_method_missing	World::try_set_spherical_joint_target_rotation	result_first_api
boxddd	inherent_method_missing	World::try_set_spherical_joint_twist_limits	result_first_api
boxddd	inherent_method_missing	World::try_set_weld_joint_angular_damping_ratio	result_first_api
boxddd	inherent_method_missing	World::try_set_weld_joint_angular_hertz	result_first_api
boxddd	inherent_method_missing	World::try_set_weld_joint_linear_damping_ratio	result_first_api
boxddd	inherent_method_missing	World::try_set_weld_joint_linear_hertz	result_first_api
boxddd	inherent_method_missing	World::try_set_wheel_joint_max_spin_torque	result_first_api
boxddd	inherent_method_missing	World::try_set_wheel_joint_max_steering_torque	result_first_api
boxddd	inherent_method_missing	World::try_set_wheel_joint_spin_motor_speed	result_first_api
boxddd	inherent_method_missing	World::try_set_wheel_joint_steering_damping_ratio	result_first_api
boxddd	inherent_method_missing	World::try_set_wheel_joint_steering_hertz	result_first_api
boxddd	inherent_method_missing	World::try_set_wheel_joint_steering_limits	result_first_api
boxddd	inherent_method_missing	World::try_set_wheel_joint_suspension_damping_ratio	result_first_api
boxddd	inherent_method_missing	World::try_set_wheel_joint_suspension_hertz	result_first_api
boxddd	inherent_method_missing	World::try_set_wheel_joint_suspension_limits	result_first_api
boxddd	inherent_method_missing	World::try_set_wheel_joint_target_steering_angle	result_first_api
boxddd	inherent_method_missing	World::try_set_worker_count	result_first_api
boxddd	inherent_method_missing	World::try_shape_aabb	result_first_api
boxddd	inherent_method_missing	World::try_shape_body	result_first_api
boxddd	inherent_method_missing	World::try_shape_capsule	result_first_api
boxddd	inherent_method_missing	World::try_shape_cast_ray	result_first_api
boxddd	inherent_method_missing	World::try_shape_closest_point	result_first_api
boxddd	inherent_method_missing	World::try_shape_compound	result_first_api
boxddd	inherent_method_missing	World::try_shape_contact_events_enabled	result_first_api
boxddd	inherent_method_missing	World::try_shape_contacts	result_first_api
boxddd	inherent_method_missing	World::try_shape_contacts_into	result_first_api
boxddd	inherent_method_missing	World::try_shape_density	result_first_api
boxddd	inherent_method_missing	World::try_shape_filter	result_first_api
boxddd	inherent_method_missing	World::try_shape_friction	result_first_api
boxddd	inherent_method_missing	World::try_shape_height_field	result_first_api
boxddd	inherent_method_missing	World::try_shape_hit_events_enabled	result_first_api
boxddd	inherent_method_missing	World::try_shape_hull	result_first_api
boxddd	inherent_method_missing	World::try_shape_mass_data	result_first_api
boxddd	inherent_method_missing	World::try_shape_mesh	result_first_api
boxddd	inherent_method_missing	World::try_shape_mesh_material_count	result_first_api
boxddd	inherent_method_missing	World::try_shape_mesh_surface_material	result_first_api
boxddd	inherent_method_missing	World::try_shape_pre_solve_events_enabled	result_first_api
boxddd	inherent_method_missing	World::try_shape_restitution	result_first_api
boxddd	inherent_method_missing	World::try_shape_sensor	result_first_api
boxddd	inherent_method_missing	World::try_shape_sensor_data	result_first_api
boxddd	inherent_method_missing	World::try_shape_sensor_data_into	result_first_api
boxddd	inherent_method_missing	World::try_shape_sensor_events_enabled	result_first_api
boxddd	inherent_method_missing	World::try_shape_sphere	result_first_api
boxddd	inherent_method_missing	World::try_shape_surface_material	result_first_api
boxddd	inherent_method_missing	World::try_shape_type	result_first_api
boxddd	inherent_method_missing	World::try_sleeping_enabled	result_first_api
boxddd	inherent_method_missing	World::try_spherical_joint_cone_angle	result_first_api
boxddd	inherent_method_missing	World::try_spherical_joint_cone_limit	result_first_api
boxddd	inherent_method_missing	World::try_spherical_joint_cone_limit_enabled	result_first_api
boxddd	inherent_method_missing	World::try_spherical_joint_lower_twist_limit	result_first_api
boxddd	inherent_method_missing	World::try_spherical_joint_max_motor_torque	result_first_api
boxddd	inherent_method_missing	World::try_spherical_joint_motor_enabled	result_first_api
boxddd	inherent_method_missing	World::try_spherical_joint_motor_torque	result_first_api
boxddd	inherent_method_missing	World::try_spherical_joint_motor_velocity	result_first_api
boxddd	inherent_method_missing	World::try_spherical_joint_spring_damping_ratio	result_first_api
boxddd	inherent_method_missing	World::try_spherical_joint_spring_enabled	result_first_api
boxddd	inherent_method_missing	World::try_spherical_joint_spring_hertz	result_first_api
boxddd	inherent_method_missing	World::try_spherical_joint_target_rotation	result_first_api
boxddd	inherent_method_missing	World::try_spherical_joint_twist_angle	result_first_api
boxddd	inherent_method_missing	World::try_spherical_joint_twist_limit_enabled	result_first_api
boxddd	inherent_method_missing	World::try_spherical_joint_upper_twist_limit	result_first_api
boxddd	inherent_method_missing	World::try_start_recording	result_first_api
boxddd	inherent_method_missing	World::try_step	result_first_api
boxddd	inherent_method_missing	World::try_stop_recording	result_first_api
boxddd	inherent_method_missing	World::try_wake_joint_bodies	result_first_api
boxddd	inherent_method_missing	World::try_warm_starting_enabled	result_first_api
boxddd	inherent_method_missing	World::try_weld_joint_angular_damping_ratio	result_first_api
boxddd	inherent_method_missing	World::try_weld_joint_angular_hertz	result_first_api
boxddd	inherent_method_missing	World::try_weld_joint_linear_damping_ratio	result_first_api
boxddd	inherent_method_missing	World::try_weld_joint_linear_hertz	result_first_api
boxddd	inherent_method_missing	World::try_wheel_joint_lower_steering_limit	result_first_api
boxddd	inherent_method_missing	World::try_wheel_joint_lower_suspension_limit	result_first_api
boxddd	inherent_method_missing	World::try_wheel_joint_max_spin_torque	result_first_api
boxddd	inherent_method_missing	World::try_wheel_joint_max_steering_torque	result_first_api
boxddd	inherent_method_missing	World::try_wheel_joint_spin_motor_enabled	result_first_api
boxddd	inherent_method_missing	World::try_wheel_joint_spin_motor_speed	result_first_api
boxddd	inherent_method_missing	World::try_wheel_joint_spin_speed	result_first_api
boxddd	inherent_method_missing	World::try_wheel_joint_spin_torque	result_first_api
boxddd	inherent_method_missing	World::try_wheel_joint_steering_angle	result_first_api
boxddd	inherent_method_missing	World::try_wheel_joint_steering_damping_ratio	result_first_api
boxddd	inherent_method_missing	World::try_wheel_joint_steering_enabled	result_first_api
boxddd	inherent_method_missing	World::try_wheel_joint_steering_hertz	result_first_api
boxddd	inherent_method_missing	World::try_wheel_joint_steering_limit_enabled	result_first_api
boxddd	inherent_method_missing	World::try_wheel_joint_steering_torque	result_first_api
boxddd	inherent_method_missing	World::try_wheel_joint_suspension_damping_ratio	result_first_api
boxddd	inherent_method_missing	World::try_wheel_joint_suspension_enabled	result_first_api
boxddd	inherent_method_missing	World::try_wheel_joint_suspension_hertz	result_first_api
boxddd	inherent_method_missing	World::try_wheel_joint_suspension_limit_enabled	result_first_api
boxddd	inherent_method_missing	World::try_wheel_joint_target_steering_angle	result_first_api
boxddd	inherent_method_missing	World::try_wheel_joint_upper_steering_limit	result_first_api
boxddd	inherent_method_missing	World::try_wheel_joint_upper_suspension_limit	result_first_api
boxddd	inherent_method_missing	World::try_with_body_events_raw	result_first_api
boxddd	inherent_method_missing	World::try_with_body_events_view	result_first_api
boxddd	inherent_method_missing	World::try_with_contact_events_raw	result_first_api
boxddd	inherent_method_missing	World::try_with_contact_events_view	result_first_api
boxddd	inherent_method_missing	World::try_with_joint_events_raw	result_first_api
boxddd	inherent_method_missing	World::try_with_joint_events_view	result_first_api
boxddd	inherent_method_missing	World::try_with_sensor_events_raw	result_first_api
boxddd	inherent_method_missing	World::try_with_sensor_events_view	result_first_api
boxddd	inherent_method_missing	World::try_worker_count	result_first_api
boxddd	inherent_method_missing	WorldDef::raw	result_first_api
boxddd	repr_c_removed	struct BodyId	owner_scoped_handles
boxddd	repr_c_removed	struct ContactId	owner_scoped_handles
boxddd	repr_c_removed	struct JointId	owner_scoped_handles
boxddd	repr_c_removed	struct ShapeId	owner_scoped_handles
boxddd	struct_missing	struct boxddd::DebugShape	debug_draw_assets
boxddd	struct_missing	struct boxddd::debug_draw::DebugShape	debug_draw_assets
boxddd	struct_missing	struct boxddd::prelude::DebugShape	debug_draw_assets
boxddd	struct_pub_field_missing	field draw_friction_forces of struct DebugDrawOptions	debug_draw_assets
boxddd	struct_pub_field_missing	field generation of struct BodyId	owner_scoped_handles
boxddd	struct_pub_field_missing	field generation of struct ContactId	owner_scoped_handles
boxddd	struct_pub_field_missing	field generation of struct JointId	owner_scoped_handles
boxddd	struct_pub_field_missing	field generation of struct ReplayWorldId	owner_scoped_handles
boxddd	struct_pub_field_missing	field generation of struct ShapeId	owner_scoped_handles
boxddd	struct_pub_field_missing	field index1 of struct BodyId	owner_scoped_handles
boxddd	struct_pub_field_missing	field index1 of struct ContactId	owner_scoped_handles
boxddd	struct_pub_field_missing	field index1 of struct JointId	owner_scoped_handles
boxddd	struct_pub_field_missing	field index1 of struct ReplayWorldId	owner_scoped_handles
boxddd	struct_pub_field_missing	field index1 of struct ShapeId	owner_scoped_handles
boxddd	struct_pub_field_missing	field padding of struct ContactId	owner_scoped_handles
boxddd	struct_pub_field_missing	field world0 of struct BodyId	owner_scoped_handles
boxddd	struct_pub_field_missing	field world0 of struct ContactId	owner_scoped_handles
boxddd	struct_pub_field_missing	field world0 of struct JointId	owner_scoped_handles
boxddd	struct_pub_field_missing	field world0 of struct ShapeId	owner_scoped_handles
boxddd-sys	constructible_struct_adds_field	field b3BoxHull.nx	upstream_ffi_refresh
boxddd-sys	constructible_struct_adds_field	field b3BoxHull.ny	upstream_ffi_refresh
boxddd-sys	constructible_struct_adds_field	field b3BoxHull.nz	upstream_ffi_refresh
boxddd-sys	constructible_struct_adds_field	field b3BoxHull.vx	upstream_ffi_refresh
boxddd-sys	constructible_struct_adds_field	field b3BoxHull.vy	upstream_ffi_refresh
boxddd-sys	constructible_struct_adds_field	field b3BoxHull.vz	upstream_ffi_refresh
boxddd-sys	constructible_struct_adds_field	field b3DebugDraw.drawSleep	upstream_ffi_refresh
boxddd-sys	constructible_struct_adds_field	field b3HullData.soaNormalOffset	upstream_ffi_refresh
boxddd-sys	constructible_struct_adds_field	field b3HullData.soaVertexOffset	upstream_ffi_refresh
boxddd-sys	constructible_struct_adds_field	field b3ShapeDef.enableSpeculativeContact	upstream_ffi_refresh
boxddd-sys	constructible_struct_adds_field	field b3ShapeDef.name	upstream_ffi_refresh
boxddd-sys	constructible_struct_adds_field	field b3SurfaceMaterial.padding	upstream_ffi_refresh
boxddd-sys	function_missing	function boxddd_sys::ffi::b3Body_GetLocalCenterOfMass	upstream_ffi_refresh
boxddd-sys	function_missing	function boxddd_sys::ffi::b3Body_GetWorldCenterOfMass	upstream_ffi_refresh
boxddd-sys	function_missing	function boxddd_sys::ffi::b3CollideCapsuleAndTriangle	upstream_ffi_refresh
boxddd-sys	function_missing	function boxddd_sys::ffi::b3CollideHullAndTriangle	upstream_ffi_refresh
boxddd-sys	function_missing	function boxddd_sys::ffi::b3CollideSphereAndTriangle	upstream_ffi_refresh
boxddd-sys	function_missing	function boxddd_sys::ffi::b3CreateCompoundShape	upstream_ffi_refresh
boxddd-sys	function_missing	function boxddd_sys::ffi::b3ReadBinaryFile	upstream_ffi_refresh
boxddd-sys	function_missing	function boxddd_sys::ffi::b3World_Dump	upstream_ffi_refresh
boxddd-sys	function_missing	function boxddd_sys::ffi::b3World_DumpAwake	upstream_ffi_refresh
boxddd-sys	function_missing	function boxddd_sys::ffi::b3WriteBinaryFile	upstream_ffi_refresh
boxddd-sys	pub_module_level_const_missing	B3_BODY_NAME_LENGTH	upstream_ffi_refresh
boxddd-sys	pub_module_level_const_missing	B3_SHAPE_NAME_LENGTH	upstream_ffi_refresh
boxddd-sys	struct_pub_field_missing	field drawFrictionForces of struct b3DebugDraw	upstream_ffi_refresh
